State,Year,Consumption,Type,Model
Johor,2024,901.0,Prediction,ARIMA (Momentum)
Johor,2025,900.11,Prediction,ARIMA (Momentum)
Johor,2026,899.97,Prediction,ARIMA (Momentum)
Johor,2027,899.95,Prediction,ARIMA (Momentum)
Johor,2028,899.95,Prediction,ARIMA (Momentum)
Johor,2029,899.95,Prediction,ARIMA (Momentum)
Johor,2003,560.0,Historical,Actual
Johor,2004,610.0,Historical,Actual
Johor,2005,621.0,Historical,Actual
Johor,2006,644.0,Historical,Actual
Johor,2007,664.0,Historical,Actual
Johor,2008,682.0,Historical,Actual
Johor,2009,713.0,Historical,Actual
Johor,2010,730.0,Historical,Actual
Johor,2011,738.0,Historical,Actual
Johor,2012,769.0,Historical,Actual
Johor,2013,797.0,Historical,Actual
Johor,2014,823.0,Historical,Actual
Johor,2015,811.0,Historical,Actual
Johor,2016,773.0,Historical,Actual
Johor,2017,785.0,Historical,Actual
Johor,2018,809.0,Historical,Actual
Johor,2019,835.0,Historical,Actual
Johor,2020,867.0,Historical,Actual
Johor,2021,879.0,Historical,Actual
Johor,2022,867.0,Historical,Actual
Johor,2023,883.0,Historical,Actual
Johor,2024,901.0,Historical,Actual
Johor,2024,901.0,Prediction,Final Ensemble (Best)
Johor,2025,902.55,Prediction,Final Ensemble (Best)
Johor,2026,907.18,Prediction,Final Ensemble (Best)
Johor,2027,911.87,Prediction,Final Ensemble (Best)
Johor,2028,916.57,Prediction,Final Ensemble (Best)
Johor,2029,921.27,Prediction,Final Ensemble (Best)
Johor,2024,901.0,Prediction,Hybrid (Volatile)
Johor,2025,905.0,Prediction,Hybrid (Volatile)
Johor,2026,914.4,Prediction,Hybrid (Volatile)
Johor,2027,923.79,Prediction,Hybrid (Volatile)
Johor,2028,933.19,Prediction,Hybrid (Volatile)
Johor,2029,942.59,Prediction,Hybrid (Volatile)
Johor,2024,901.0,Prediction,Linear Regression (High)
Johor,2025,878.23,Prediction,Linear Regression (High)
Johor,2026,887.63,Prediction,Linear Regression (High)
Johor,2027,897.03,Prediction,Linear Regression (High)
Johor,2028,906.43,Prediction,Linear Regression (High)
Johor,2029,915.83,Prediction,Linear Regression (High)
Johor,2024,901.0,Prediction,Random Forest (Standalone)
Johor,2025,890.72,Prediction,Random Forest (Standalone)
Johor,2026,890.72,Prediction,Random Forest (Standalone)
Johor,2027,890.72,Prediction,Random Forest (Standalone)
Johor,2028,890.72,Prediction,Random Forest (Standalone)
Johor,2029,890.72,Prediction,Random Forest (Standalone)
Johor,2024,901.0,Prediction,XGBoost (Gradient Boosting)
Johor,2025,908.5399780273438,Prediction,XGBoost (Gradient Boosting)
Johor,2026,908.5399780273438,Prediction,XGBoost (Gradient Boosting)
Johor,2027,908.5399780273438,Prediction,XGBoost (Gradient Boosting)
Johor,2028,908.5399780273438,Prediction,XGBoost (Gradient Boosting)
Johor,2029,908.5399780273438,Prediction,XGBoost (Gradient Boosting)
Kedah,2024,499.0,Prediction,ARIMA (Momentum)
Kedah,2025,494.25,Prediction,ARIMA (Momentum)
Kedah,2026,492.44,Prediction,ARIMA (Momentum)
Kedah,2027,491.74,Prediction,ARIMA (Momentum)
Kedah,2028,491.48,Prediction,ARIMA (Momentum)
Kedah,2029,491.38,Prediction,ARIMA (Momentum)
Kedah,2003,388.0,Historical,Actual
Kedah,2004,412.0,Historical,Actual
Kedah,2005,420.0,Historical,Actual
Kedah,2006,434.0,Historical,Actual
Kedah,2007,471.0,Historical,Actual
Kedah,2008,470.0,Historical,Actual
Kedah,2009,474.0,Historical,Actual
Kedah,2010,444.0,Historical,Actual
Kedah,2011,459.0,Historical,Actual
Kedah,2012,474.0,Historical,Actual
Kedah,2013,487.0,Historical,Actual
Kedah,2014,510.0,Historical,Actual
Kedah,2015,511.0,Historical,Actual
Kedah,2016,525.0,Historical,Actual
Kedah,2017,523.0,Historical,Actual
Kedah,2018,544.0,Historical,Actual
Kedah,2019,551.0,Historical,Actual
Kedah,2020,574.0,Historical,Actual
Kedah,2021,590.0,Historical,Actual
Kedah,2022,560.0,Historical,Actual
Kedah,2023,511.0,Historical,Actual
Kedah,2024,499.0,Historical,Actual
Kedah,2024,499.0,Prediction,Final Ensemble (Best)
Kedah,2025,549.73,Prediction,Final Ensemble (Best)
Kedah,2026,556.25,Prediction,Final Ensemble (Best)
Kedah,2027,557.77,Prediction,Final Ensemble (Best)
Kedah,2028,550.99,Prediction,Final Ensemble (Best)
Kedah,2029,554.77,Prediction,Final Ensemble (Best)
Kedah,2024,499.0,Prediction,Hybrid (Volatile)
Kedah,2025,605.21,Prediction,Hybrid (Volatile)
Kedah,2026,620.07,Prediction,Hybrid (Volatile)
Kedah,2027,623.8,Prediction,Hybrid (Volatile)
Kedah,2028,610.49,Prediction,Hybrid (Volatile)
Kedah,2029,618.17,Prediction,Hybrid (Volatile)
Kedah,2024,499.0,Prediction,Linear Regression (High)
Kedah,2025,600.23,Prediction,Linear Regression (High)
Kedah,2026,609.63,Prediction,Linear Regression (High)
Kedah,2027,619.03,Prediction,Linear Regression (High)
Kedah,2028,628.43,Prediction,Linear Regression (High)
Kedah,2029,637.83,Prediction,Linear Regression (High)
Kedah,2024,499.0,Prediction,Random Forest (Standalone)
Kedah,2025,512.99,Prediction,Random Forest (Standalone)
Kedah,2026,544.16,Prediction,Random Forest (Standalone)
Kedah,2027,545.98,Prediction,Random Forest (Standalone)
Kedah,2028,545.08,Prediction,Random Forest (Standalone)
Kedah,2029,545.35,Prediction,Random Forest (Standalone)
Kedah,2024,499.0,Prediction,XGBoost (Gradient Boosting)
Kedah,2025,509.7699890136719,Prediction,XGBoost (Gradient Boosting)
Kedah,2026,518.3300170898438,Prediction,XGBoost (Gradient Boosting)
Kedah,2027,527.4000244140625,Prediction,XGBoost (Gradient Boosting)
Kedah,2028,513.5700073242188,Prediction,XGBoost (Gradient Boosting)
Kedah,2029,516.989990234375,Prediction,XGBoost (Gradient Boosting)
Kelantan,2024,164.0,Prediction,ARIMA (Momentum)
Kelantan,2025,167.69,Prediction,ARIMA (Momentum)
Kelantan,2026,169.55,Prediction,ARIMA (Momentum)
Kelantan,2027,170.5,Prediction,ARIMA (Momentum)
Kelantan,2028,170.98,Prediction,ARIMA (Momentum)
Kelantan,2029,171.22,Prediction,ARIMA (Momentum)
Kelantan,2003,94.0,Historical,Actual
Kelantan,2004,102.0,Historical,Actual
Kelantan,2005,111.0,Historical,Actual
Kelantan,2006,116.0,Historical,Actual
Kelantan,2007,120.0,Historical,Actual
Kelantan,2008,122.0,Historical,Actual
Kelantan,2009,124.0,Historical,Actual
Kelantan,2010,124.0,Historical,Actual
Kelantan,2011,123.0,Historical,Actual
Kelantan,2012,130.0,Historical,Actual
Kelantan,2013,140.0,Historical,Actual
Kelantan,2014,154.0,Historical,Actual
Kelantan,2015,159.0,Historical,Actual
Kelantan,2016,163.0,Historical,Actual
Kelantan,2017,162.0,Historical,Actual
Kelantan,2018,164.0,Historical,Actual
Kelantan,2019,163.0,Historical,Actual
Kelantan,2020,170.0,Historical,Actual
Kelantan,2021,171.0,Historical,Actual
Kelantan,2022,162.0,Historical,Actual
Kelantan,2023,159.0,Historical,Actual
Kelantan,2024,164.0,Historical,Actual
Kelantan,2024,164.0,Prediction,Final Ensemble (Best)
Kelantan,2025,205.29,Prediction,Final Ensemble (Best)
Kelantan,2026,205.13,Prediction,Final Ensemble (Best)
Kelantan,2027,207.46,Prediction,Final Ensemble (Best)
Kelantan,2028,212.38,Prediction,Final Ensemble (Best)
Kelantan,2029,218.11,Prediction,Final Ensemble (Best)
Kelantan,2024,164.0,Prediction,Hybrid (Volatile)
Kelantan,2025,242.9,Prediction,Hybrid (Volatile)
Kelantan,2026,240.7,Prediction,Hybrid (Volatile)
Kelantan,2027,244.42,Prediction,Hybrid (Volatile)
Kelantan,2028,253.78,Prediction,Hybrid (Volatile)
Kelantan,2029,265.0,Prediction,Hybrid (Volatile)
Kelantan,2024,164.0,Prediction,Linear Regression (High)
Kelantan,2025,243.73,Prediction,Linear Regression (High)
Kelantan,2026,253.13,Prediction,Linear Regression (High)
Kelantan,2027,262.53,Prediction,Linear Regression (High)
Kelantan,2028,271.93,Prediction,Linear Regression (High)
Kelantan,2029,281.33,Prediction,Linear Regression (High)
Kelantan,2024,164.0,Prediction,Random Forest (Standalone)
Kelantan,2025,164.22,Prediction,Random Forest (Standalone)
Kelantan,2026,205.0,Prediction,Random Forest (Standalone)
Kelantan,2027,207.14,Prediction,Random Forest (Standalone)
Kelantan,2028,218.4,Prediction,Random Forest (Standalone)
Kelantan,2029,225.08,Prediction,Random Forest (Standalone)
Kelantan,2024,164.0,Prediction,XGBoost (Gradient Boosting)
Kelantan,2025,163.52000427246094,Prediction,XGBoost (Gradient Boosting)
Kelantan,2026,203.33999633789065,Prediction,XGBoost (Gradient Boosting)
Kelantan,2027,201.47999572753903,Prediction,XGBoost (Gradient Boosting)
Kelantan,2028,215.9600067138672,Prediction,XGBoost (Gradient Boosting)
Kelantan,2029,213.92999267578125,Prediction,XGBoost (Gradient Boosting)
Melaka,2024,242.0,Prediction,ARIMA (Momentum)
Melaka,2025,238.8,Prediction,ARIMA (Momentum)
Melaka,2026,240.42,Prediction,ARIMA (Momentum)
Melaka,2027,239.6,Prediction,ARIMA (Momentum)
Melaka,2028,240.02,Prediction,ARIMA (Momentum)
Melaka,2029,239.8,Prediction,ARIMA (Momentum)
Melaka,2003,153.0,Historical,Actual
Melaka,2004,144.0,Historical,Actual
Melaka,2005,150.0,Historical,Actual
Melaka,2006,155.0,Historical,Actual
Melaka,2007,196.0,Historical,Actual
Melaka,2008,202.0,Historical,Actual
Melaka,2009,173.0,Historical,Actual
Melaka,2010,177.0,Historical,Actual
Melaka,2011,180.0,Historical,Actual
Melaka,2012,187.0,Historical,Actual
Melaka,2013,193.0,Historical,Actual
Melaka,2014,196.0,Historical,Actual
Melaka,2015,202.0,Historical,Actual
Melaka,2016,206.0,Historical,Actual
Melaka,2017,206.0,Historical,Actual
Melaka,2018,209.0,Historical,Actual
Melaka,2019,210.0,Historical,Actual
Melaka,2020,215.0,Historical,Actual
Melaka,2021,230.0,Historical,Actual
Melaka,2022,228.0,Historical,Actual
Melaka,2023,235.0,Historical,Actual
Melaka,2024,242.0,Historical,Actual
Melaka,2024,242.0,Prediction,Final Ensemble (Best)
Melaka,2025,247.76,Prediction,Final Ensemble (Best)
Melaka,2026,253.59,Prediction,Final Ensemble (Best)
Melaka,2027,258.28,Prediction,Final Ensemble (Best)
Melaka,2028,265.0,Prediction,Final Ensemble (Best)
Melaka,2029,270.48,Prediction,Final Ensemble (Best)
Melaka,2024,242.0,Prediction,Hybrid (Volatile)
Melaka,2025,256.72,Prediction,Hybrid (Volatile)
Melaka,2026,266.76,Prediction,Hybrid (Volatile)
Melaka,2027,276.97,Prediction,Hybrid (Volatile)
Melaka,2028,289.98,Prediction,Hybrid (Volatile)
Melaka,2029,301.16,Prediction,Hybrid (Volatile)
Melaka,2024,242.0,Prediction,Linear Regression (High)
Melaka,2025,298.28,Prediction,Linear Regression (High)
Melaka,2026,307.68,Prediction,Linear Regression (High)
Melaka,2027,317.08,Prediction,Linear Regression (High)
Melaka,2028,326.48,Prediction,Linear Regression (High)
Melaka,2029,335.88,Prediction,Linear Regression (High)
Melaka,2024,242.0,Prediction,Random Forest (Standalone)
Melaka,2025,245.52,Prediction,Random Forest (Standalone)
Melaka,2026,258.02,Prediction,Random Forest (Standalone)
Melaka,2027,260.08,Prediction,Random Forest (Standalone)
Melaka,2028,266.71,Prediction,Random Forest (Standalone)
Melaka,2029,276.35,Prediction,Random Forest (Standalone)
Melaka,2024,242.0,Prediction,XGBoost (Gradient Boosting)
Melaka,2025,243.6000061035156,Prediction,XGBoost (Gradient Boosting)
Melaka,2026,256.510009765625,Prediction,XGBoost (Gradient Boosting)
Melaka,2027,252.9499969482422,Prediction,XGBoost (Gradient Boosting)
Melaka,2028,243.82000732421875,Prediction,XGBoost (Gradient Boosting)
Melaka,2029,274.7200012207031,Prediction,XGBoost (Gradient Boosting)
Negeri Sembilan,2024,323.0,Prediction,ARIMA (Momentum)
Negeri Sembilan,2025,327.5,Prediction,ARIMA (Momentum)
Negeri Sembilan,2026,325.81,Prediction,ARIMA (Momentum)
Negeri Sembilan,2027,326.45,Prediction,ARIMA (Momentum)
Negeri Sembilan,2028,326.21,Prediction,ARIMA (Momentum)
Negeri Sembilan,2029,326.3,Prediction,ARIMA (Momentum)
Negeri Sembilan,2003,184.0,Historical,Actual
Negeri Sembilan,2004,183.0,Historical,Actual
Negeri Sembilan,2005,181.0,Historical,Actual
Negeri Sembilan,2006,190.0,Historical,Actual
Negeri Sembilan,2007,231.0,Historical,Actual
Negeri Sembilan,2008,237.0,Historical,Actual
Negeri Sembilan,2009,213.0,Historical,Actual
Negeri Sembilan,2010,229.0,Historical,Actual
Negeri Sembilan,2011,239.0,Historical,Actual
Negeri Sembilan,2012,247.0,Historical,Actual
Negeri Sembilan,2013,255.0,Historical,Actual
Negeri Sembilan,2014,259.0,Historical,Actual
Negeri Sembilan,2015,276.0,Historical,Actual
Negeri Sembilan,2016,287.0,Historical,Actual
Negeri Sembilan,2017,288.0,Historical,Actual
Negeri Sembilan,2018,293.0,Historical,Actual
Negeri Sembilan,2019,294.0,Historical,Actual
Negeri Sembilan,2020,318.0,Historical,Actual
Negeri Sembilan,2021,327.0,Historical,Actual
Negeri Sembilan,2022,307.0,Historical,Actual
Negeri Sembilan,2023,309.0,Historical,Actual
Negeri Sembilan,2024,323.0,Historical,Actual
Negeri Sembilan,2024,323.0,Prediction,Final Ensemble (Best)
Negeri Sembilan,2025,337.04,Prediction,Final Ensemble (Best)
Negeri Sembilan,2026,338.7,Prediction,Final Ensemble (Best)
Negeri Sembilan,2027,345.28,Prediction,Final Ensemble (Best)
Negeri Sembilan,2028,352.31,Prediction,Final Ensemble (Best)
Negeri Sembilan,2029,351.27,Prediction,Final Ensemble (Best)
Negeri Sembilan,2024,323.0,Prediction,Hybrid (Volatile)
Negeri Sembilan,2025,346.58,Prediction,Hybrid (Volatile)
Negeri Sembilan,2026,351.58,Prediction,Hybrid (Volatile)
Negeri Sembilan,2027,364.11,Prediction,Hybrid (Volatile)
Negeri Sembilan,2028,378.42,Prediction,Hybrid (Volatile)
Negeri Sembilan,2029,376.25,Prediction,Hybrid (Volatile)
Negeri Sembilan,2024,323.0,Prediction,Linear Regression (High)
Negeri Sembilan,2025,363.83,Prediction,Linear Regression (High)
Negeri Sembilan,2026,373.23,Prediction,Linear Regression (High)
Negeri Sembilan,2027,382.63,Prediction,Linear Regression (High)
Negeri Sembilan,2028,392.03,Prediction,Linear Regression (High)
Negeri Sembilan,2029,401.43,Prediction,Linear Regression (High)
Negeri Sembilan,2024,323.0,Prediction,Random Forest (Standalone)
Negeri Sembilan,2025,316.2,Prediction,Random Forest (Standalone)
Negeri Sembilan,2026,341.16,Prediction,Random Forest (Standalone)
Negeri Sembilan,2027,350.66,Prediction,Random Forest (Standalone)
Negeri Sembilan,2028,350.68,Prediction,Random Forest (Standalone)
Negeri Sembilan,2029,347.86,Prediction,Random Forest (Standalone)
Negeri Sembilan,2024,323.0,Prediction,XGBoost (Gradient Boosting)
Negeri Sembilan,2025,309.9100036621094,Prediction,XGBoost (Gradient Boosting)
Negeri Sembilan,2026,335.989990234375,Prediction,XGBoost (Gradient Boosting)
Negeri Sembilan,2027,338.8999938964844,Prediction,XGBoost (Gradient Boosting)
Negeri Sembilan,2028,353.8900146484375,Prediction,XGBoost (Gradient Boosting)
Negeri Sembilan,2029,327.32000732421875,Prediction,XGBoost (Gradient Boosting)
Pahang,2024,378.0,Prediction,ARIMA (Momentum)
Pahang,2025,376.34,Prediction,ARIMA (Momentum)
Pahang,2026,377.14,Prediction,ARIMA (Momentum)
Pahang,2027,376.75,Prediction,ARIMA (Momentum)
Pahang,2028,376.94,Prediction,ARIMA (Momentum)
Pahang,2029,376.85,Prediction,ARIMA (Momentum)
Pahang,2003,211.0,Historical,Actual
Pahang,2004,214.0,Historical,Actual
Pahang,2005,223.0,Historical,Actual
Pahang,2006,233.0,Historical,Actual
Pahang,2007,308.0,Historical,Actual
Pahang,2008,320.0,Historical,Actual
Pahang,2009,271.0,Historical,Actual
Pahang,2010,264.0,Historical,Actual
Pahang,2011,286.0,Historical,Actual
Pahang,2012,287.0,Historical,Actual
Pahang,2013,299.0,Historical,Actual
Pahang,2014,303.0,Historical,Actual
Pahang,2015,309.0,Historical,Actual
Pahang,2016,342.0,Historical,Actual
Pahang,2017,333.0,Historical,Actual
Pahang,2018,333.0,Historical,Actual
Pahang,2019,339.0,Historical,Actual
Pahang,2020,367.0,Historical,Actual
Pahang,2021,391.0,Historical,Actual
Pahang,2022,385.0,Historical,Actual
Pahang,2023,385.0,Historical,Actual
Pahang,2024,378.0,Historical,Actual
Pahang,2024,378.0,Prediction,Final Ensemble (Best)
Pahang,2025,384.92,Prediction,Final Ensemble (Best)
Pahang,2026,390.81,Prediction,Final Ensemble (Best)
Pahang,2027,401.48,Prediction,Final Ensemble (Best)
Pahang,2028,409.62,Prediction,Final Ensemble (Best)
Pahang,2029,417.76,Prediction,Final Ensemble (Best)
Pahang,2024,378.0,Prediction,Hybrid (Volatile)
Pahang,2025,393.51,Prediction,Hybrid (Volatile)
Pahang,2026,404.48,Prediction,Hybrid (Volatile)
Pahang,2027,426.2,Prediction,Hybrid (Volatile)
Pahang,2028,442.31,Prediction,Hybrid (Volatile)
Pahang,2029,458.67,Prediction,Hybrid (Volatile)
Pahang,2024,378.0,Prediction,Linear Regression (High)
Pahang,2025,416.48,Prediction,Linear Regression (High)
Pahang,2026,425.88,Prediction,Linear Regression (High)
Pahang,2027,435.28,Prediction,Linear Regression (High)
Pahang,2028,444.68,Prediction,Linear Regression (High)
Pahang,2029,454.08,Prediction,Linear Regression (High)
Pahang,2024,378.0,Prediction,Random Forest (Standalone)
Pahang,2025,380.8,Prediction,Random Forest (Standalone)
Pahang,2026,381.0,Prediction,Random Forest (Standalone)
Pahang,2027,382.36,Prediction,Random Forest (Standalone)
Pahang,2028,387.7,Prediction,Random Forest (Standalone)
Pahang,2029,420.76,Prediction,Random Forest (Standalone)
Pahang,2024,378.0,Prediction,XGBoost (Gradient Boosting)
Pahang,2025,378.1400146484375,Prediction,XGBoost (Gradient Boosting)
Pahang,2026,378.1700134277344,Prediction,XGBoost (Gradient Boosting)
Pahang,2027,380.4200134277344,Prediction,XGBoost (Gradient Boosting)
Pahang,2028,389.7699890136719,Prediction,XGBoost (Gradient Boosting)
Pahang,2029,423.8999938964844,Prediction,XGBoost (Gradient Boosting)
Perak,2024,601.0,Prediction,ARIMA (Momentum)
Perak,2025,591.19,Prediction,ARIMA (Momentum)
Perak,2026,583.24,Prediction,ARIMA (Momentum)
Perak,2027,576.8,Prediction,ARIMA (Momentum)
Perak,2028,571.57,Prediction,ARIMA (Momentum)
Perak,2029,567.33,Prediction,ARIMA (Momentum)
Perak,2003,450.0,Historical,Actual
Perak,2004,474.0,Historical,Actual
Perak,2005,487.0,Historical,Actual
Perak,2006,486.0,Historical,Actual
Perak,2007,496.0,Historical,Actual
Perak,2008,508.0,Historical,Actual
Perak,2009,526.0,Historical,Actual
Perak,2010,552.0,Historical,Actual
Perak,2011,556.0,Historical,Actual
Perak,2012,592.0,Historical,Actual
Perak,2013,607.0,Historical,Actual
Perak,2014,623.0,Historical,Actual
Perak,2015,628.0,Historical,Actual
Perak,2016,655.0,Historical,Actual
Perak,2017,648.0,Historical,Actual
Perak,2018,665.0,Historical,Actual
Perak,2019,679.0,Historical,Actual
Perak,2020,706.0,Historical,Actual
Perak,2021,703.0,Historical,Actual
Perak,2022,699.0,Historical,Actual
Perak,2023,600.0,Historical,Actual
Perak,2024,601.0,Historical,Actual
Perak,2024,601.0,Prediction,Final Ensemble (Best)
Perak,2025,644.6,Prediction,Final Ensemble (Best)
Perak,2026,656.59,Prediction,Final Ensemble (Best)
Perak,2027,662.19,Prediction,Final Ensemble (Best)
Perak,2028,665.9,Prediction,Final Ensemble (Best)
Perak,2029,670.67,Prediction,Final Ensemble (Best)
Perak,2024,601.0,Prediction,Hybrid (Volatile)
Perak,2025,698.02,Prediction,Hybrid (Volatile)
Perak,2026,729.94,Prediction,Hybrid (Volatile)
Perak,2027,747.59,Prediction,Hybrid (Volatile)
Perak,2028,760.24,Prediction,Hybrid (Volatile)
Perak,2029,774.0,Prediction,Hybrid (Volatile)
Perak,2024,601.0,Prediction,Linear Regression (High)
Perak,2025,699.53,Prediction,Linear Regression (High)
Perak,2026,708.93,Prediction,Linear Regression (High)
Perak,2027,718.33,Prediction,Linear Regression (High)
Perak,2028,727.73,Prediction,Linear Regression (High)
Perak,2029,737.13,Prediction,Linear Regression (High)
Perak,2024,601.0,Prediction,Random Forest (Standalone)
Perak,2025,605.41,Prediction,Random Forest (Standalone)
Perak,2026,629.06,Prediction,Random Forest (Standalone)
Perak,2027,641.0,Prediction,Random Forest (Standalone)
Perak,2028,648.44,Prediction,Random Forest (Standalone)
Perak,2029,651.8,Prediction,Random Forest (Standalone)
Perak,2024,601.0,Prediction,XGBoost (Gradient Boosting)
Perak,2025,580.5999755859375,Prediction,XGBoost (Gradient Boosting)
Perak,2026,589.3900146484375,Prediction,XGBoost (Gradient Boosting)
Perak,2027,603.3699951171875,Prediction,XGBoost (Gradient Boosting)
Perak,2028,612.4600219726562,Prediction,XGBoost (Gradient Boosting)
Perak,2029,604.5399780273438,Prediction,XGBoost (Gradient Boosting)
Perlis,2024,64.0,Prediction,ARIMA (Momentum)
Perlis,2025,64.27,Prediction,ARIMA (Momentum)
Perlis,2026,64.33,Prediction,ARIMA (Momentum)
Perlis,2027,64.35,Prediction,ARIMA (Momentum)
Perlis,2028,64.35,Prediction,ARIMA (Momentum)
Perlis,2029,64.35,Prediction,ARIMA (Momentum)
Perlis,2003,47.0,Historical,Actual
Perlis,2004,50.0,Historical,Actual
Perlis,2005,50.0,Historical,Actual
Perlis,2006,51.0,Historical,Actual
Perlis,2007,50.0,Historical,Actual
Perlis,2008,54.0,Historical,Actual
Perlis,2009,49.0,Historical,Actual
Perlis,2010,63.0,Historical,Actual
Perlis,2011,62.0,Historical,Actual
Perlis,2012,57.0,Historical,Actual
Perlis,2013,65.0,Historical,Actual
Perlis,2014,81.0,Historical,Actual
Perlis,2015,81.0,Historical,Actual
Perlis,2016,82.0,Historical,Actual
Perlis,2017,78.0,Historical,Actual
Perlis,2018,80.0,Historical,Actual
Perlis,2019,80.0,Historical,Actual
Perlis,2020,78.0,Historical,Actual
Perlis,2021,80.0,Historical,Actual
Perlis,2022,80.0,Historical,Actual
Perlis,2023,63.0,Historical,Actual
Perlis,2024,64.0,Historical,Actual
Perlis,2024,64.0,Prediction,Final Ensemble (Best)
Perlis,2025,117.41,Prediction,Final Ensemble (Best)
Perlis,2026,124.5,Prediction,Final Ensemble (Best)
Perlis,2027,129.02,Prediction,Final Ensemble (Best)
Perlis,2028,131.76,Prediction,Final Ensemble (Best)
Perlis,2029,136.6,Prediction,Final Ensemble (Best)
Perlis,2024,64.0,Prediction,Hybrid (Volatile)
Perlis,2025,170.55,Prediction,Hybrid (Volatile)
Perlis,2026,184.67,Prediction,Hybrid (Volatile)
Perlis,2027,193.69,Prediction,Hybrid (Volatile)
Perlis,2028,199.17,Prediction,Hybrid (Volatile)
Perlis,2029,208.85,Prediction,Hybrid (Volatile)
Perlis,2024,64.0,Prediction,Linear Regression (High)
Perlis,2025,166.08,Prediction,Linear Regression (High)
Perlis,2026,175.48,Prediction,Linear Regression (High)
Perlis,2027,184.88,Prediction,Linear Regression (High)
Perlis,2028,194.28,Prediction,Linear Regression (High)
Perlis,2029,203.68,Prediction,Linear Regression (High)
Perlis,2024,64.0,Prediction,Random Forest (Standalone)
Perlis,2025,63.5,Prediction,Random Forest (Standalone)
Perlis,2026,91.16,Prediction,Random Forest (Standalone)
Perlis,2027,115.24,Prediction,Random Forest (Standalone)
Perlis,2028,120.12,Prediction,Random Forest (Standalone)
Perlis,2029,128.37,Prediction,Random Forest (Standalone)
Perlis,2024,64.0,Prediction,XGBoost (Gradient Boosting)
Perlis,2025,66.30999755859375,Prediction,XGBoost (Gradient Boosting)
Perlis,2026,116.61000061035156,Prediction,XGBoost (Gradient Boosting)
Perlis,2027,120.37999725341795,Prediction,XGBoost (Gradient Boosting)
Perlis,2028,120.37000274658205,Prediction,XGBoost (Gradient Boosting)
Perlis,2029,134.49000549316406,Prediction,XGBoost (Gradient Boosting)
Pulau Pinang,2024,495.0,Prediction,ARIMA (Momentum)
Pulau Pinang,2025,491.71,Prediction,ARIMA (Momentum)
Pulau Pinang,2026,490.35,Prediction,ARIMA (Momentum)
Pulau Pinang,2027,489.79,Prediction,ARIMA (Momentum)
Pulau Pinang,2028,489.56,Prediction,ARIMA (Momentum)
Pulau Pinang,2029,489.46,Prediction,ARIMA (Momentum)
Pulau Pinang,2003,377.0,Historical,Actual
Pulau Pinang,2004,388.0,Historical,Actual
Pulau Pinang,2005,400.0,Historical,Actual
Pulau Pinang,2006,408.0,Historical,Actual
Pulau Pinang,2007,427.0,Historical,Actual
Pulau Pinang,2008,439.0,Historical,Actual
Pulau Pinang,2009,451.0,Historical,Actual
Pulau Pinang,2010,468.0,Historical,Actual
Pulau Pinang,2011,459.0,Historical,Actual
Pulau Pinang,2012,475.0,Historical,Actual
Pulau Pinang,2013,481.0,Historical,Actual
Pulau Pinang,2014,483.0,Historical,Actual
Pulau Pinang,2015,483.0,Historical,Actual
Pulau Pinang,2016,492.0,Historical,Actual
Pulau Pinang,2017,482.0,Historical,Actual
Pulau Pinang,2018,491.0,Historical,Actual
Pulau Pinang,2019,499.0,Historical,Actual
Pulau Pinang,2020,533.0,Historical,Actual
Pulau Pinang,2021,547.0,Historical,Actual
Pulau Pinang,2022,534.0,Historical,Actual
Pulau Pinang,2023,503.0,Historical,Actual
Pulau Pinang,2024,495.0,Historical,Actual
Pulau Pinang,2024,495.0,Prediction,Final Ensemble (Best)
Pulau Pinang,2025,529.1,Prediction,Final Ensemble (Best)
Pulau Pinang,2026,538.59,Prediction,Final Ensemble (Best)
Pulau Pinang,2027,538.09,Prediction,Final Ensemble (Best)
Pulau Pinang,2028,528.81,Prediction,Final Ensemble (Best)
Pulau Pinang,2029,532.16,Prediction,Final Ensemble (Best)
Pulau Pinang,2024,495.0,Prediction,Hybrid (Volatile)
Pulau Pinang,2025,566.5,Prediction,Hybrid (Volatile)
Pulau Pinang,2026,586.83,Prediction,Hybrid (Volatile)
Pulau Pinang,2027,586.4,Prediction,Hybrid (Volatile)
Pulau Pinang,2028,568.07,Prediction,Hybrid (Volatile)
Pulau Pinang,2029,574.86,Prediction,Hybrid (Volatile)
Pulau Pinang,2024,495.0,Prediction,Linear Regression (High)
Pulau Pinang,2025,576.18,Prediction,Linear Regression (High)
Pulau Pinang,2026,585.58,Prediction,Linear Regression (High)
Pulau Pinang,2027,594.98,Prediction,Linear Regression (High)
Pulau Pinang,2028,604.38,Prediction,Linear Regression (High)
Pulau Pinang,2029,613.78,Prediction,Linear Regression (High)
Pulau Pinang,2024,495.0,Prediction,Random Forest (Standalone)
Pulau Pinang,2025,505.66,Prediction,Random Forest (Standalone)
Pulau Pinang,2026,522.26,Prediction,Random Forest (Standalone)
Pulau Pinang,2027,520.1,Prediction,Random Forest (Standalone)
Pulau Pinang,2028,516.12,Prediction,Random Forest (Standalone)
Pulau Pinang,2029,515.28,Prediction,Random Forest (Standalone)
Pulau Pinang,2024,495.0,Prediction,XGBoost (Gradient Boosting)
Pulau Pinang,2025,490.4100036621094,Prediction,XGBoost (Gradient Boosting)
Pulau Pinang,2026,510.1499938964844,Prediction,XGBoost (Gradient Boosting)
Pulau Pinang,2027,507.3500061035156,Prediction,XGBoost (Gradient Boosting)
Pulau Pinang,2028,498.4400024414063,Prediction,XGBoost (Gradient Boosting)
Pulau Pinang,2029,501.4100036621094,Prediction,XGBoost (Gradient Boosting)
Sabah,2025,413.82,Prediction,ARIMA (Momentum)
Sabah,2026,412.45,Prediction,ARIMA (Momentum)
Sabah,2027,413.17,Prediction,ARIMA (Momentum)
Sabah,2028,412.79,Prediction,ARIMA (Momentum)
Sabah,2029,412.99,Prediction,ARIMA (Momentum)
Sabah,2003,156.0,Historical,Actual
Sabah,2004,207.0,Historical,Actual
Sabah,2005,254.0,Historical,Actual
Sabah,2006,294.0,Historical,Actual
Sabah,2007,294.0,Historical,Actual
Sabah,2008,252.0,Historical,Actual
Sabah,2009,259.0,Historical,Actual
Sabah,2010,222.0,Historical,Actual
Sabah,2011,279.0,Historical,Actual
Sabah,2012,305.0,Historical,Actual
Sabah,2013,314.0,Historical,Actual
Sabah,2014,330.0,Historical,Actual
Sabah,2015,315.0,Historical,Actual
Sabah,2016,338.0,Historical,Actual
Sabah,2017,323.0,Historical,Actual
Sabah,2018,341.0,Historical,Actual
Sabah,2019,366.0,Historical,Actual
Sabah,2020,313.0,Historical,Actual
Sabah,2021,425.0,Historical,Actual
Sabah,2022,394.0,Historical,Actual
Sabah,2025,424.15,Prediction,Final Ensemble (Best)
Sabah,2026,428.13,Prediction,Final Ensemble (Best)
Sabah,2027,432.63,Prediction,Final Ensemble (Best)
Sabah,2028,435.56,Prediction,Final Ensemble (Best)
Sabah,2029,441.12,Prediction,Final Ensemble (Best)
Sabah,2023,411.84901392207325,Historical (Filled),Gap Fill
Sabah,2024,411.2205339394038,Historical (Filled),Gap Fill
Sabah,2025,434.48,Prediction,Hybrid (Volatile)
Sabah,2026,443.81,Prediction,Hybrid (Volatile)
Sabah,2027,452.08,Prediction,Hybrid (Volatile)
Sabah,2028,458.32,Prediction,Hybrid (Volatile)
Sabah,2029,469.24,Prediction,Hybrid (Volatile)
Sabah,2025,420.19,Prediction,Linear Regression (High)
Sabah,2026,429.59,Prediction,Linear Regression (High)
Sabah,2027,438.99,Prediction,Linear Regression (High)
Sabah,2028,448.39,Prediction,Linear Regression (High)
Sabah,2029,457.78,Prediction,Linear Regression (High)
Sabah,2025,430.4,Prediction,Random Forest (Standalone)
Sabah,2026,431.23,Prediction,Random Forest (Standalone)
Sabah,2027,433.5,Prediction,Random Forest (Standalone)
Sabah,2028,449.12,Prediction,Random Forest (Standalone)
Sabah,2029,458.75,Prediction,Random Forest (Standalone)
Sabah,2025,425.4200134277344,Prediction,XGBoost (Gradient Boosting)
Sabah,2026,423.8900146484375,Prediction,XGBoost (Gradient Boosting)
Sabah,2027,425.2799987792969,Prediction,XGBoost (Gradient Boosting)
Sabah,2028,436.4700012207031,Prediction,XGBoost (Gradient Boosting)
Sabah,2029,458.5299987792969,Prediction,XGBoost (Gradient Boosting)
Sarawak,2025,609.0,Prediction,ARIMA (Momentum)
Sarawak,2026,622.32,Prediction,ARIMA (Momentum)
Sarawak,2027,635.64,Prediction,ARIMA (Momentum)
Sarawak,2028,648.97,Prediction,ARIMA (Momentum)
Sarawak,2029,662.29,Prediction,ARIMA (Momentum)
Sarawak,2003,289.0,Historical,Actual
Sarawak,2004,336.0,Historical,Actual
Sarawak,2005,327.0,Historical,Actual
Sarawak,2006,352.0,Historical,Actual
Sarawak,2007,400.0,Historical,Actual
Sarawak,2008,409.0,Historical,Actual
Sarawak,2009,441.0,Historical,Actual
Sarawak,2010,449.0,Historical,Actual
Sarawak,2011,431.0,Historical,Actual
Sarawak,2012,432.0,Historical,Actual
Sarawak,2013,446.0,Historical,Actual
Sarawak,2014,469.0,Historical,Actual
Sarawak,2015,478.0,Historical,Actual
Sarawak,2016,463.0,Historical,Actual
Sarawak,2017,476.0,Historical,Actual
Sarawak,2018,487.0,Historical,Actual
Sarawak,2019,499.0,Historical,Actual
Sarawak,2020,548.0,Historical,Actual
Sarawak,2021,579.0,Historical,Actual
Sarawak,2022,602.0,Historical,Actual
Sarawak,2025,590.12,Prediction,Final Ensemble (Best)
Sarawak,2026,601.34,Prediction,Final Ensemble (Best)
Sarawak,2027,612.66,Prediction,Final Ensemble (Best)
Sarawak,2028,624.15,Prediction,Final Ensemble (Best)
Sarawak,2029,639.15,Prediction,Final Ensemble (Best)
Sarawak,2023,587.8857223559723,Historical (Filled),Gap Fill
Sarawak,2024,595.6712668048528,Historical (Filled),Gap Fill
Sarawak,2025,571.24,Prediction,Hybrid (Volatile)
Sarawak,2026,580.36,Prediction,Hybrid (Volatile)
Sarawak,2027,589.67,Prediction,Hybrid (Volatile)
Sarawak,2028,599.33,Prediction,Hybrid (Volatile)
Sarawak,2029,616.01,Prediction,Hybrid (Volatile)
Sarawak,2025,568.53,Prediction,Linear Regression (High)
Sarawak,2026,577.92,Prediction,Linear Regression (High)
Sarawak,2027,587.32,Prediction,Linear Regression (High)
Sarawak,2028,596.72,Prediction,Linear Regression (High)
Sarawak,2029,606.12,Prediction,Linear Regression (High)
Sarawak,2025,591.05,Prediction,Random Forest (Standalone)
Sarawak,2026,577.53,Prediction,Random Forest (Standalone)
Sarawak,2027,601.43,Prediction,Random Forest (Standalone)
Sarawak,2028,620.16,Prediction,Random Forest (Standalone)
Sarawak,2029,630.84,Prediction,Random Forest (Standalone)
Sarawak,2025,594.72998046875,Prediction,XGBoost (Gradient Boosting)
Sarawak,2026,561.719970703125,Prediction,XGBoost (Gradient Boosting)
Sarawak,2027,594.9099731445312,Prediction,XGBoost (Gradient Boosting)
Sarawak,2028,611.0999755859375,Prediction,XGBoost (Gradient Boosting)
Sarawak,2029,624.9400024414062,Prediction,XGBoost (Gradient Boosting)
Selangor,2024,2288.0,Prediction,ARIMA (Momentum)
Selangor,2025,2284.35,Prediction,ARIMA (Momentum)
Selangor,2026,2285.19,Prediction,ARIMA (Momentum)
Selangor,2027,2285.0,Prediction,ARIMA (Momentum)
Selangor,2028,2285.04,Prediction,ARIMA (Momentum)
Selangor,2029,2285.03,Prediction,ARIMA (Momentum)
Selangor,2003,1312.0,Historical,Actual
Selangor,2004,1474.0,Historical,Actual
Selangor,2005,1579.0,Historical,Actual
Selangor,2006,1460.0,Historical,Actual
Selangor,2007,1520.0,Historical,Actual
Selangor,2008,1562.0,Historical,Actual
Selangor,2009,1621.0,Historical,Actual
Selangor,2010,1655.0,Historical,Actual
Selangor,2011,1653.0,Historical,Actual
Selangor,2012,1686.0,Historical,Actual
Selangor,2013,1735.0,Historical,Actual
Selangor,2014,1779.0,Historical,Actual
Selangor,2015,1862.0,Historical,Actual
Selangor,2016,1883.0,Historical,Actual
Selangor,2017,1870.0,Historical,Actual
Selangor,2018,1916.0,Historical,Actual
Selangor,2019,2012.0,Historical,Actual
Selangor,2020,2186.0,Historical,Actual
Selangor,2021,2294.0,Historical,Actual
Selangor,2022,2230.0,Historical,Actual
Selangor,2023,2248.0,Historical,Actual
Selangor,2024,2288.0,Historical,Actual
Selangor,2024,2288.0,Prediction,Final Ensemble (Best)
Selangor,2025,2282.05,Prediction,Final Ensemble (Best)
Selangor,2026,2284.88,Prediction,Final Ensemble (Best)
Selangor,2027,2289.48,Prediction,Final Ensemble (Best)
Selangor,2028,2294.2,Prediction,Final Ensemble (Best)
Selangor,2029,2298.89,Prediction,Final Ensemble (Best)
Selangor,2024,2288.0,Prediction,Hybrid (Volatile)
Selangor,2025,2279.75,Prediction,Hybrid (Volatile)
Selangor,2026,2284.56,Prediction,Hybrid (Volatile)
Selangor,2027,2293.96,Prediction,Hybrid (Volatile)
Selangor,2028,2303.36,Prediction,Hybrid (Volatile)
Selangor,2029,2312.76,Prediction,Hybrid (Volatile)
Selangor,2024,2288.0,Prediction,Linear Regression (High)
Selangor,2025,1950.63,Prediction,Linear Regression (High)
Selangor,2026,1960.03,Prediction,Linear Regression (High)
Selangor,2027,1969.43,Prediction,Linear Regression (High)
Selangor,2028,1978.83,Prediction,Linear Regression (High)
Selangor,2029,1988.23,Prediction,Linear Regression (High)
Selangor,2024,2288.0,Prediction,Random Forest (Standalone)
Selangor,2025,2260.22,Prediction,Random Forest (Standalone)
Selangor,2026,2256.02,Prediction,Random Forest (Standalone)
Selangor,2027,2256.02,Prediction,Random Forest (Standalone)
Selangor,2028,2256.02,Prediction,Random Forest (Standalone)
Selangor,2029,2256.02,Prediction,Random Forest (Standalone)
Selangor,2024,2288.0,Prediction,XGBoost (Gradient Boosting)
Selangor,2025,2287.989990234375,Prediction,XGBoost (Gradient Boosting)
Selangor,2026,2287.989990234375,Prediction,XGBoost (Gradient Boosting)
Selangor,2027,2287.989990234375,Prediction,XGBoost (Gradient Boosting)
Selangor,2028,2287.989990234375,Prediction,XGBoost (Gradient Boosting)
Selangor,2029,2230.610107421875,Prediction,XGBoost (Gradient Boosting)
Terengganu,2024,294.0,Prediction,ARIMA (Momentum)
Terengganu,2025,295.76,Prediction,ARIMA (Momentum)
Terengganu,2026,296.3,Prediction,ARIMA (Momentum)
Terengganu,2027,296.47,Prediction,ARIMA (Momentum)
Terengganu,2028,296.52,Prediction,ARIMA (Momentum)
Terengganu,2029,296.54,Prediction,ARIMA (Momentum)
Terengganu,2003,156.0,Historical,Actual
Terengganu,2004,162.0,Historical,Actual
Terengganu,2005,172.0,Historical,Actual
Terengganu,2006,185.0,Historical,Actual
Terengganu,2007,187.0,Historical,Actual
Terengganu,2008,190.0,Historical,Actual
Terengganu,2009,198.0,Historical,Actual
Terengganu,2010,206.0,Historical,Actual
Terengganu,2011,208.0,Historical,Actual
Terengganu,2012,216.0,Historical,Actual
Terengganu,2013,230.0,Historical,Actual
Terengganu,2014,241.0,Historical,Actual
Terengganu,2015,246.0,Historical,Actual
Terengganu,2016,264.0,Historical,Actual
Terengganu,2017,256.0,Historical,Actual
Terengganu,2018,255.0,Historical,Actual
Terengganu,2019,266.0,Historical,Actual
Terengganu,2020,286.0,Historical,Actual
Terengganu,2021,302.0,Historical,Actual
Terengganu,2022,286.0,Historical,Actual
Terengganu,2023,289.0,Historical,Actual
Terengganu,2024,294.0,Historical,Actual
Terengganu,2024,294.0,Prediction,Final Ensemble (Best)
Terengganu,2025,304.11,Prediction,Final Ensemble (Best)
Terengganu,2026,311.94,Prediction,Final Ensemble (Best)
Terengganu,2027,320.35,Prediction,Final Ensemble (Best)
Terengganu,2028,323.12,Prediction,Final Ensemble (Best)
Terengganu,2029,325.96,Prediction,Final Ensemble (Best)
Terengganu,2024,294.0,Prediction,Hybrid (Volatile)
Terengganu,2025,312.46,Prediction,Hybrid (Volatile)
Terengganu,2026,327.57,Prediction,Hybrid (Volatile)
Terengganu,2027,344.23,Prediction,Hybrid (Volatile)
Terengganu,2028,349.72,Prediction,Hybrid (Volatile)
Terengganu,2029,355.38,Prediction,Hybrid (Volatile)
Terengganu,2024,294.0,Prediction,Linear Regression (High)
Terengganu,2025,337.53,Prediction,Linear Regression (High)
Terengganu,2026,346.93,Prediction,Linear Regression (High)
Terengganu,2027,356.33,Prediction,Linear Regression (High)
Terengganu,2028,365.73,Prediction,Linear Regression (High)
Terengganu,2029,375.13,Prediction,Linear Regression (High)
Terengganu,2024,294.0,Prediction,Random Forest (Standalone)
Terengganu,2025,297.0,Prediction,Random Forest (Standalone)
Terengganu,2026,311.86,Prediction,Random Forest (Standalone)
Terengganu,2027,324.85,Prediction,Random Forest (Standalone)
Terengganu,2028,315.72,Prediction,Random Forest (Standalone)
Terengganu,2029,317.04,Prediction,Random Forest (Standalone)
Terengganu,2024,294.0,Prediction,XGBoost (Gradient Boosting)
Terengganu,2025,294.32000732421875,Prediction,XGBoost (Gradient Boosting)
Terengganu,2026,302.0599975585937,Prediction,XGBoost (Gradient Boosting)
Terengganu,2027,327.3399963378906,Prediction,XGBoost (Gradient Boosting)
Terengganu,2028,304.19000244140625,Prediction,XGBoost (Gradient Boosting)
Terengganu,2029,317.67999267578125,Prediction,XGBoost (Gradient Boosting)
W.P. Labuan,2024,19.0,Prediction,ARIMA (Momentum)
W.P. Labuan,2025,18.35,Prediction,ARIMA (Momentum)
W.P. Labuan,2026,18.11,Prediction,ARIMA (Momentum)
W.P. Labuan,2027,18.03,Prediction,ARIMA (Momentum)
W.P. Labuan,2028,18.0,Prediction,ARIMA (Momentum)
W.P. Labuan,2029,17.98,Prediction,ARIMA (Momentum)
W.P. Labuan,2003,16.0,Historical,Actual
W.P. Labuan,2004,16.0,Historical,Actual
W.P. Labuan,2005,18.0,Historical,Actual
W.P. Labuan,2006,17.0,Historical,Actual
W.P. Labuan,2007,18.0,Historical,Actual
W.P. Labuan,2008,19.0,Historical,Actual
W.P. Labuan,2009,18.0,Historical,Actual
W.P. Labuan,2010,19.0,Historical,Actual
W.P. Labuan,2011,21.0,Historical,Actual
W.P. Labuan,2012,16.0,Historical,Actual
W.P. Labuan,2013,16.0,Historical,Actual
W.P. Labuan,2014,17.0,Historical,Actual
W.P. Labuan,2015,17.0,Historical,Actual
W.P. Labuan,2016,17.0,Historical,Actual
W.P. Labuan,2017,17.0,Historical,Actual
W.P. Labuan,2018,18.0,Historical,Actual
W.P. Labuan,2019,18.0,Historical,Actual
W.P. Labuan,2020,17.0,Historical,Actual
W.P. Labuan,2021,20.0,Historical,Actual
W.P. Labuan,2022,19.0,Historical,Actual
W.P. Labuan,2023,19.0,Historical,Actual
W.P. Labuan,2024,19.0,Historical,Actual
W.P. Labuan,2024,19.0,Prediction,Final Ensemble (Best)
W.P. Labuan,2025,56.22,Prediction,Final Ensemble (Best)
W.P. Labuan,2026,72.95,Prediction,Final Ensemble (Best)
W.P. Labuan,2027,77.76,Prediction,Final Ensemble (Best)
W.P. Labuan,2028,72.06,Prediction,Final Ensemble (Best)
W.P. Labuan,2029,76.98,Prediction,Final Ensemble (Best)
W.P. Labuan,2024,19.0,Prediction,Hybrid (Volatile)
W.P. Labuan,2025,94.09,Prediction,Hybrid (Volatile)
W.P. Labuan,2026,127.78,Prediction,Hybrid (Volatile)
W.P. Labuan,2027,137.49,Prediction,Hybrid (Volatile)
W.P. Labuan,2028,126.13,Prediction,Hybrid (Volatile)
W.P. Labuan,2029,135.98,Prediction,Hybrid (Volatile)
W.P. Labuan,2024,19.0,Prediction,Linear Regression (High)
W.P. Labuan,2025,116.68,Prediction,Linear Regression (High)
W.P. Labuan,2026,126.08,Prediction,Linear Regression (High)
W.P. Labuan,2027,135.48,Prediction,Linear Regression (High)
W.P. Labuan,2028,144.88,Prediction,Linear Regression (High)
W.P. Labuan,2029,154.28,Prediction,Linear Regression (High)
W.P. Labuan,2024,19.0,Prediction,Random Forest (Standalone)
W.P. Labuan,2025,19.1,Prediction,Random Forest (Standalone)
W.P. Labuan,2026,31.42,Prediction,Random Forest (Standalone)
W.P. Labuan,2027,59.12,Prediction,Random Forest (Standalone)
W.P. Labuan,2028,60.68,Prediction,Random Forest (Standalone)
W.P. Labuan,2029,60.68,Prediction,Random Forest (Standalone)
W.P. Labuan,2024,19.0,Prediction,XGBoost (Gradient Boosting)
W.P. Labuan,2025,19.0,Prediction,XGBoost (Gradient Boosting)
W.P. Labuan,2026,47.63999938964844,Prediction,XGBoost (Gradient Boosting)
W.P. Labuan,2027,76.19999694824219,Prediction,XGBoost (Gradient Boosting)
W.P. Labuan,2028,76.22000122070312,Prediction,XGBoost (Gradient Boosting)
W.P. Labuan,2029,76.22000122070312,Prediction,XGBoost (Gradient Boosting)
